{
	"credit": "Made By BronGhast014 with Blockbench",
	"textures": {
		"0": "block/redstone_lamp",
		"3": "block/spruce_planks",
		"5": "block/spruce_log",
		"particle": "block/redstone_lamp"
	},
	"elements": [
		{
			"from": [3, 10, 3],
			"to": [13, 20, 13],
			"faces": {
				"north": {"uv": [0, 0, 16, 16], "texture": "#0"},
				"east": {"uv": [0, 0, 16, 16], "texture": "#0"},
				"south": {"uv": [0, 0, 16, 16], "texture": "#0"},
				"west": {"uv": [0, 0, 16, 16], "texture": "#0"},
				"up": {"uv": [0, 0, 16, 16], "texture": "#0"},
				"down": {"uv": [0, 0, 16, 16], "texture": "#0"}
			}
		},
		{
			"from": [7, 1, 7],
			"to": [9, 10, 9],
			"faces": {
				"north": {"uv": [9, 3, 11, 12], "texture": "#5"},
				"east": {"uv": [3, 4, 5, 13], "texture": "#5"},
				"south": {"uv": [3, 1, 5, 10], "texture": "#5"},
				"west": {"uv": [14, 0, 16, 9], "texture": "#5"},
				"up": {"uv": [3, 1, 5, 10], "texture": "#5"},
				"down": {"uv": [3, 1, 5, 10], "texture": "#5"}
			}
		},
		{
			"from": [6, 0, 6],
			"to": [10, 1, 10],
			"faces": {
				"north": {"uv": [0, 0, 4, 1], "texture": "#5"},
				"east": {"uv": [0, 0, 4, 1], "texture": "#5"},
				"south": {"uv": [0, 0, 4, 1], "texture": "#5"},
				"west": {"uv": [0, 0, 4, 1], "texture": "#5"},
				"up": {"uv": [0, 0, 4, 4], "texture": "#5"},
				"down": {"uv": [5, 5, 9, 9], "texture": "#3"}
			}
		}
	],
	"display": {
		"thirdperson_righthand": {
			"rotation": [75, 45, 0],
			"translation": [0, 2.5, 0],
			"scale": [0.375, 0.375, 0.375]
		},
		"thirdperson_lefthand": {
			"rotation": [75, 45, 0],
			"translation": [0, 2.5, 0],
			"scale": [0.375, 0.375, 0.375]
		},
		"firstperson_righthand": {
			"rotation": [0, 45, 0],
			"scale": [0.4, 0.4, 0.4]
		},
		"firstperson_lefthand": {
			"rotation": [0, 225, 0],
			"scale": [0.4, 0.4, 0.4]
		},
		"ground": {
			"translation": [0, 3, 0],
			"scale": [0.25, 0.25, 0.25]
		},
		"gui": {
			"rotation": [30, 225, 0],
			"scale": [0.625, 0.625, 0.625]
		},
		"head": {
			"translation": [0, -14.5, 0],
			"scale": [2.3, 2.3, 2.3]
		},
		"fixed": {
			"scale": [0.5, 0.5, 0.5]
		}
	}
}