{
  "display": {
    "icon": {
      "item": "rabbit_spawn_egg",
      "nbt": "{CustomModelData:1014111}"
    },
    "title": {
      "translate": "crc.advancements.root.title"
    },
    "description": {
      "translate": "crc.advancements.root.description"
    },
    "background": "crc:textures/gui/advancements/backgrounds/crc.png",
    "show_toast": true
  },
  "rewards": {
    "recipes": [
      "crc:work_bench"
    ]
  },
  "criteria": {
    "crc_adv_root": {
      "trigger": "minecraft:tick"
    }
  },
  "requirements": [
    [
      "crc_adv_root"
    ]
  ]
}
