{
	"credit": "Made By BronGhast014 with Blockbench",
	"textures": {
		"0": "block/birch_planks",
		"1": "block/birch_planks",
		"particle": "block/birch_planks"
	},
	"elements": [
		{
			"name": "leg",
			"from": [4.5, 0, 4.5],
			"to": [6, 9.5, 6],
			"faces": {
				"north": {"uv": [9, 4, 11, 12], "texture": "#0"},
				"east": {"uv": [13, 4, 15, 12], "texture": "#0"},
				"south": {"uv": [8, 0, 10, 8], "texture": "#0"},
				"west": {"uv": [9, 4, 11, 12], "texture": "#0"},
				"up": {"uv": [0, 0, 2, 2], "texture": "#0"},
				"down": {"uv": [14, 7, 16, 9], "texture": "#0"}
			}
		},
		{
			"name": "leg",
			"from": [10, 0, 4.5],
			"to": [11.5, 9.5, 6],
			"faces": {
				"north": {"uv": [9, 4, 11, 12], "texture": "#0"},
				"east": {"uv": [13, 4, 15, 12], "texture": "#0"},
				"south": {"uv": [8, 0, 10, 8], "texture": "#0"},
				"west": {"uv": [9, 4, 11, 12], "texture": "#0"},
				"up": {"uv": [0, 0, 2, 2], "texture": "#0"},
				"down": {"uv": [14, 7, 16, 9], "texture": "#0"}
			}
		},
		{
			"name": "leg",
			"from": [10, 0, 10],
			"to": [11.5, 9.5, 11.5],
			"faces": {
				"north": {"uv": [9, 4, 11, 12], "texture": "#0"},
				"east": {"uv": [13, 4, 15, 12], "texture": "#0"},
				"south": {"uv": [8, 0, 10, 8], "texture": "#0"},
				"west": {"uv": [9, 4, 11, 12], "texture": "#0"},
				"up": {"uv": [0, 0, 2, 2], "texture": "#0"},
				"down": {"uv": [14, 7, 16, 9], "texture": "#0"}
			}
		},
		{
			"name": "leg",
			"from": [4.5, 0, 10],
			"to": [6, 9.5, 11.5],
			"faces": {
				"north": {"uv": [9, 4, 11, 12], "texture": "#0"},
				"east": {"uv": [13, 4, 15, 12], "texture": "#0"},
				"south": {"uv": [8, 0, 10, 8], "texture": "#0"},
				"west": {"uv": [9, 4, 11, 12], "texture": "#0"},
				"up": {"uv": [0, 0, 2, 2], "texture": "#0"},
				"down": {"uv": [14, 7, 16, 9], "texture": "#0"}
			}
		},
		{
			"name": "leg",
			"from": [4.75, 3.75, 6],
			"to": [5.75, 4.5, 10],
			"faces": {
				"north": {"uv": [0, 0, 1, 0.75], "texture": "#0"},
				"east": {"uv": [0, 0, 4, 0.75], "texture": "#0"},
				"south": {"uv": [0, 0, 1, 0.75], "texture": "#0"},
				"west": {"uv": [0, 0, 4, 0.75], "texture": "#0"},
				"up": {"uv": [0, 0, 1, 4], "texture": "#0"},
				"down": {"uv": [0, 0, 1, 4], "texture": "#0"}
			}
		},
		{
			"name": "leg",
			"from": [10.25, 3.75, 6],
			"to": [11.25, 4.5, 10],
			"faces": {
				"north": {"uv": [0, 0, 1, 0.75], "texture": "#0"},
				"east": {"uv": [0, 0, 4, 0.75], "texture": "#0"},
				"south": {"uv": [0, 0, 1, 0.75], "texture": "#0"},
				"west": {"uv": [0, 0, 4, 0.75], "texture": "#0"},
				"up": {"uv": [0, 0, 1, 4], "texture": "#0"},
				"down": {"uv": [0, 0, 1, 4], "texture": "#0"}
			}
		},
		{
			"name": "leg",
			"from": [6.05, 3.75, 10.4],
			"to": [9.95, 4.5, 11.2],
			"faces": {
				"north": {"uv": [0, 0, 3.9, 0.75], "texture": "#0"},
				"east": {"uv": [0, 0, 0.8, 0.75], "texture": "#0"},
				"south": {"uv": [0, 0, 3.9, 0.75], "texture": "#0"},
				"west": {"uv": [0, 0, 0.8, 0.75], "texture": "#0"},
				"up": {"uv": [0, 0, 3.9, 0.8], "texture": "#0"},
				"down": {"uv": [0, 0, 3.9, 0.8], "texture": "#0"}
			}
		},
		{
			"name": "leg",
			"from": [6.05, 3.75, 4.9],
			"to": [9.95, 4.5, 5.7],
			"faces": {
				"north": {"uv": [0, 0, 3.9, 0.75], "texture": "#0"},
				"east": {"uv": [0, 0, 0.8, 0.75], "texture": "#0"},
				"south": {"uv": [0, 0, 3.9, 0.75], "texture": "#0"},
				"west": {"uv": [0, 0, 0.8, 0.75], "texture": "#0"},
				"up": {"uv": [0, 0, 3.9, 0.8], "texture": "#0"},
				"down": {"uv": [0, 0, 3.9, 0.8], "texture": "#0"}
			}
		},
		{
			"name": "seat",
			"from": [4, 9.5, 4],
			"to": [12, 10.5, 12],
			"faces": {
				"north": {"uv": [0, 0, 10, 1], "texture": "#1"},
				"east": {"uv": [0, 0, 10, 1], "texture": "#1"},
				"south": {"uv": [0, 0, 10, 1], "texture": "#1"},
				"west": {"uv": [0, 0, 10, 1], "texture": "#1"},
				"up": {"uv": [0, 0, 10, 10], "texture": "#1"},
				"down": {"uv": [0, 0, 10, 10], "texture": "#0"}
			}
		}
	],
	"display": {
		"thirdperson_righthand": {
			"rotation": [75, 45, 0],
			"translation": [0, 2.5, 0],
			"scale": [0.375, 0.375, 0.375]
		},
		"thirdperson_lefthand": {
			"rotation": [75, 45, 0],
			"translation": [0, 2.5, 0],
			"scale": [0.375, 0.375, 0.375]
		},
		"firstperson_righthand": {
			"rotation": [0, 98, 0],
			"scale": [0.4, 0.4, 0.4]
		},
		"firstperson_lefthand": {
			"rotation": [0, 99, 0],
			"scale": [0.4, 0.4, 0.4]
		},
		"ground": {
			"translation": [0, -2.75, 0],
			"scale": [0.5, 0.5, 0.5]
		},
		"gui": {
			"rotation": [30, 225, 0],
			"scale": [0.625, 0.625, 0.625]
		},
		"head": {
			"translation": [0, -15.5, 0],
			"scale": [2.2, 2.2, 2.2]
		},
		"fixed": {
			"rotation": [0, 90, 0],
			"translation": [0, -3.25, 0],
			"scale": [0.6, 0.6, 0.6]
		}
	},
	"groups": [
		{
			"name": "legs",
			"children": [0, 1, 2, 3, 4, 5, 6, 7]
		}, 8]
}