{
  "type": "minecraft:block",
  "pools": [
    {
      "rolls": 1,
      "entries": [
        {
          "type": "minecraft:item",
          "functions": [
            {
              "function": "minecraft:set_nbt",
              "tag": "{display:{Name:'{\"translate\":\"crc.workbench\",\"italic\":false}'},CustomModelData:1014111,crcItem:1,EntityTag:{Silent:1b,DeathLootTable:\"/\",NoAI:1b,Tags:[\"CRC_crafting\",\"CRC_ghostRabbit\"]}}"
            }
          ],
          "name": "minecraft:rabbit_spawn_egg"
        }
      ]
    }
  ]
}
