{
	"credit": "Made By BronGhast014 with Blockbench",
	"textures": {
		"0": "block/glass",
		"2": "block/quartz_block_top",
		"particle": "block/glass"
	},
	"elements": [
		{
			"from": [1, 2, 1],
			"to": [16, 3, 15],
			"faces": {
				"north": {"uv": [0, 0, 16, 1], "texture": "#0"},
				"east": {"uv": [6, 5, 9, 6], "texture": "#0"},
				"south": {"uv": [0, 0, 16, 1], "texture": "#0"},
				"west": {"uv": [0, 0, 16, 1], "texture": "#0"},
				"up": {"uv": [0, 0, 15, 16], "texture": "#0"},
				"down": {"uv": [0, 0, 15, 16], "texture": "#0"}
			}
		},
		{
			"from": [0, 0, 15],
			"to": [1, 6, 16],
			"faces": {
				"north": {"uv": [0, 0, 2, 6], "texture": "#2"},
				"east": {"uv": [0, 0, 2, 6], "texture": "#2"},
				"south": {"uv": [0, 0, 2, 6], "texture": "#2"},
				"west": {"uv": [0, 0, 2, 6], "texture": "#2"},
				"up": {"uv": [0, 0, 2, 2], "texture": "#2"},
				"down": {"uv": [2, 6, 4, 8], "texture": "#2"}
			}
		},
		{
			"from": [0, 0, 0],
			"to": [1, 6, 1],
			"faces": {
				"north": {"uv": [0, 0, 2, 6], "texture": "#2"},
				"east": {"uv": [0, 0, 2, 6], "texture": "#2"},
				"south": {"uv": [0, 0, 2, 6], "texture": "#2"},
				"west": {"uv": [0, 0, 2, 6], "texture": "#2"},
				"up": {"uv": [0, 0, 2, 2], "texture": "#2"},
				"down": {"uv": [2, 6, 4, 8], "texture": "#2"}
			}
		},
		{
			"from": [0, 6, 0],
			"to": [1, 7, 16],
			"faces": {
				"north": {"uv": [0, 0, 1, 1], "texture": "#0"},
				"east": {"uv": [0, 0, 16, 1], "texture": "#0"},
				"south": {"uv": [0, 0, 1, 1], "texture": "#0"},
				"west": {"uv": [0, 0, 16, 1], "texture": "#0"},
				"up": {"uv": [0, 0, 1, 16], "texture": "#0"},
				"down": {"uv": [0, 0, 1, 16], "texture": "#0"}
			}
		},
		{
			"from": [1, 6, 15],
			"to": [16, 7, 16],
			"faces": {
				"north": {"uv": [0, 0, 14, 1], "texture": "#0"},
				"east": {"uv": [0, 0, 1, 1], "texture": "#0"},
				"south": {"uv": [0, 0, 14, 1], "texture": "#0"},
				"west": {"uv": [0, 0, 1, 1], "texture": "#0"},
				"up": {"uv": [0, 0, 14, 1], "texture": "#0"},
				"down": {"uv": [0, 0, 14, 1], "texture": "#0"}
			}
		},
		{
			"from": [1, 6, 0],
			"to": [16, 7, 1],
			"faces": {
				"north": {"uv": [0, 0, 14, 1], "texture": "#0"},
				"east": {"uv": [0, 0, 1, 1], "texture": "#0"},
				"south": {"uv": [0, 0, 14, 1], "texture": "#0"},
				"west": {"uv": [0, 0, 1, 1], "texture": "#0"},
				"up": {"uv": [0, 0, 14, 1], "texture": "#0"},
				"down": {"uv": [0, 0, 14, 1], "texture": "#0"}
			}
		},
		{
			"from": [1, 6, 1],
			"to": [16, 7, 15],
			"faces": {
				"north": {"uv": [0, 0, 16, 1], "texture": "#0"},
				"east": {"uv": [4, 7, 9, 8], "texture": "#0"},
				"south": {"uv": [0, 0, 16, 1], "texture": "#0"},
				"west": {"uv": [0, 0, 16, 1], "texture": "#0"},
				"up": {"uv": [1, 1, 15, 15], "texture": "#0"},
				"down": {"uv": [1, 1, 15, 15], "texture": "#0"}
			}
		}
	],
	"display": {
		"thirdperson_righthand": {
			"rotation": [75, 45, 0],
			"translation": [0, 2.5, 0],
			"scale": [0.375, 0.375, 0.375]
		},
		"thirdperson_lefthand": {
			"rotation": [75, 45, 0],
			"translation": [0, 2.5, 0],
			"scale": [0.375, 0.375, 0.375]
		},
		"firstperson_righthand": {
			"rotation": [0, 98, 0],
			"scale": [0.4, 0.4, 0.4]
		},
		"firstperson_lefthand": {
			"rotation": [0, 99, 0],
			"scale": [0.4, 0.4, 0.4]
		},
		"ground": {
			"translation": [0, -2.75, 0],
			"scale": [0.5, 0.5, 0.5]
		},
		"gui": {
			"rotation": [30, 225, 0],
			"scale": [0.625, 0.625, 0.625]
		},
		"head": {
			"translation": [0, -15.5, 0],
			"scale": [2.2, 2.2, 2.2]
		},
		"fixed": {
			"rotation": [0, 90, 0],
			"translation": [0, -3.25, 0],
			"scale": [0.6, 0.6, 0.6]
		}
	}
}