{
	"parent": "item/handheld_rod",
	"textures": {
		"layer0": "item/carrot_on_a_stick"
	},
	"overrides": [
		{ "predicate": { "damage": 0 }, "model": "item/carrot_on_a_stick" },
		{ "predicate": { "damaged": 0, "damage": 0.04 }, "model": "item/knowledge_book" },
		{ "predicate": { "damaged": 0, "damage": 0.08 }, "model": "furniture/chair1" },
		{ "predicate": { "damaged": 0, "damage": 0.12 }, "model": "furniture/chair2" },
		{ "predicate": { "damaged": 0, "damage": 0.16 }, "model": "furniture/stool" },
		{ "predicate": { "damaged": 0, "damage": 0.2 }, "model": "furniture/stool2" },
		{ "predicate": { "damaged": 0, "damage": 0.24 }, "model": "furniture/couch" },
		{ "predicate": { "damaged": 0, "damage": 0.28 }, "model": "furniture/seat" },
		{ "predicate": { "damaged": 0, "damage": 0.32 }, "model": "furniture/table1" },
		{ "predicate": { "damaged": 0, "damage": 0.36 }, "model": "furniture/table2" },
		{ "predicate": { "damaged": 0, "damage": 0.4 }, "model": "furniture/glass_table" },
		{ "predicate": { "damaged": 0, "damage": 0.44 }, "model": "furniture/glass_table2" },
		{ "predicate": { "damaged": 0, "damage": 0.48 }, "model": "furniture/cabnet" },
		{ "predicate": { "damaged": 0, "damage": 0.52 }, "model": "furniture/lamp" },
		{ "predicate": { "damaged": 0, "damage": 0.56 }, "model": "furniture/lamp2" },
		{ "predicate": { "damaged": 0, "damage": 0.6 }, "model": "furniture/lamp3" },
		{ "predicate": { "damaged": 0, "damage": 0.64 }, "model": "furniture/chair3" },
		{ "predicate": { "damaged": 0, "damage": 0.68 }, "model": "furniture/carrot_on_a_stick17" },
		{ "predicate": { "damaged": 0, "damage": 0.72 }, "model": "item/carrot_on_a_stick18" },
		{ "predicate": { "damaged": 0, "damage": 0.76 }, "model": "item/carrot_on_a_stick19" },
		{ "predicate": { "damaged": 0, "damage": 0.8 }, "model": "item/carrot_on_a_stick20" },
		{ "predicate": { "damaged": 0, "damage": 0.84 }, "model": "item/carrot_on_a_stick21" },
		{ "predicate": { "damaged": 0, "damage": 0.88 }, "model": "item/carrot_on_a_stick22" },
		{ "predicate": { "damaged": 0, "damage": 0.92 }, "model": "item/carrot_on_a_stick23" },
		{ "predicate": { "damaged": 0, "damage": 0.96 }, "model": "item/carrot_on_a_stick24" },
		{ "predicate": { "damaged": 1 }, "model": "item/carrot_on_a_stick" }
	]
}