{
    "parent": "item/generated",
    "textures": {
        "layer0": "item/leather_boots",
        "layer1": "item/leather_boots_overlay"
    },
	"overrides": [
		{"predicate": {"custom_model_data": 1014001}, "model": "crc:furniture/chairs/sofa_middel"},
		
		{"predicate": {"custom_model_data": 1014002}, "model": "crc:furniture/chairs/oak_sofa_single"},
		{"predicate": {"custom_model_data": 1014003}, "model": "crc:furniture/chairs/oak_sofa_right"},
		{"predicate": {"custom_model_data": 1014004}, "model": "crc:furniture/chairs/oak_sofa_left"},
		{"predicate": {"custom_model_data": 1014005}, "model": "crc:furniture/chairs/oak_ottoman"},
		{"predicate": {"custom_model_data": 1014006}, "model": "crc:furniture/chairs/birch_sofa_single"},
		{"predicate": {"custom_model_data": 1014007}, "model": "crc:furniture/chairs/birch_sofa_right"},
		{"predicate": {"custom_model_data": 1014008}, "model": "crc:furniture/chairs/birch_sofa_left"},
		{"predicate": {"custom_model_data": 1014009}, "model": "crc:furniture/chairs/birch_ottoman"},
		{"predicate": {"custom_model_data": 1014010}, "model": "crc:furniture/chairs/spruce_sofa_single"},
		{"predicate": {"custom_model_data": 1014011}, "model": "crc:furniture/chairs/spruce_sofa_right"},
		{"predicate": {"custom_model_data": 1014012}, "model": "crc:furniture/chairs/spruce_sofa_left"},
		{"predicate": {"custom_model_data": 1014013}, "model": "crc:furniture/chairs/spruce_ottoman"},
		{"predicate": {"custom_model_data": 1014014}, "model": "crc:furniture/chairs/dark_oak_sofa_single"},
		{"predicate": {"custom_model_data": 1014015}, "model": "crc:furniture/chairs/dark_oak_sofa_right"},
		{"predicate": {"custom_model_data": 1014016}, "model": "crc:furniture/chairs/dark_oak_sofa_left"},
		{"predicate": {"custom_model_data": 1014017}, "model": "crc:furniture/chairs/dark_oak_ottoman"},
		{"predicate": {"custom_model_data": 1014018}, "model": "crc:furniture/chairs/acacia_sofa_single"},
		{"predicate": {"custom_model_data": 1014019}, "model": "crc:furniture/chairs/acacia_sofa_right"},
		{"predicate": {"custom_model_data": 1014020}, "model": "crc:furniture/chairs/acacia_sofa_left"},
		{"predicate": {"custom_model_data": 1014021}, "model": "crc:furniture/chairs/acacia_ottoman"},
		{"predicate": {"custom_model_data": 1014022}, "model": "crc:furniture/chairs/jungle_sofa_single"},
		{"predicate": {"custom_model_data": 1014023}, "model": "crc:furniture/chairs/jungle_sofa_right"},
		{"predicate": {"custom_model_data": 1014024}, "model": "crc:furniture/chairs/jungle_sofa_left"},
		{"predicate": {"custom_model_data": 1014025}, "model": "crc:furniture/chairs/jungle_ottoman"},
		
		{"predicate": {"custom_model_data": 1014026}, "model": "crc:furniture/chairs/oak_sofa_corner"},
		{"predicate": {"custom_model_data": 1014027}, "model": "crc:furniture/chairs/oak_ottoman_left"},
		{"predicate": {"custom_model_data": 1014028}, "model": "crc:furniture/chairs/birch_sofa_corner"},
		{"predicate": {"custom_model_data": 1014029}, "model": "crc:furniture/chairs/birch_ottoman_left"},
		{"predicate": {"custom_model_data": 1014030}, "model": "crc:furniture/chairs/spruce_sofa_corner"},
		{"predicate": {"custom_model_data": 1014031}, "model": "crc:furniture/chairs/spruce_ottoman_left"},
		{"predicate": {"custom_model_data": 1014032}, "model": "crc:furniture/chairs/dark_oak_sofa_corner"},
		{"predicate": {"custom_model_data": 1014033}, "model": "crc:furniture/chairs/dark_oak_ottoman_left"},
		{"predicate": {"custom_model_data": 1014034}, "model": "crc:furniture/chairs/acacia_sofa_corner"},
		{"predicate": {"custom_model_data": 1014035}, "model": "crc:furniture/chairs/acacia_ottoman_left"},
		{"predicate": {"custom_model_data": 1014036}, "model": "crc:furniture/chairs/jungle_sofa_corner"},
		{"predicate": {"custom_model_data": 1014037}, "model": "crc:furniture/chairs/jungle_ottoman_left"},
		
		{"predicate": {"custom_model_data": 1014038}, "model": "crc:furniture/chairs/ottoman_middel"},
		
		{"predicate": {"custom_model_data": 1014039}, "model": "crc:furniture/chairs/oak_ottoman_right"},
		{"predicate": {"custom_model_data": 1014040}, "model": "crc:furniture/chairs/birch_ottoman_right"},
		{"predicate": {"custom_model_data": 1014041}, "model": "crc:furniture/chairs/spruce_ottoman_right"},
		{"predicate": {"custom_model_data": 1014042}, "model": "crc:furniture/chairs/dark_oak_ottoman_right"},
		{"predicate": {"custom_model_data": 1014043}, "model": "crc:furniture/chairs/acacia_ottoman_right"},
		{"predicate": {"custom_model_data": 1014044}, "model": "crc:furniture/chairs/jungle_ottoman_right"}
	]
}
