{
    "parent": "item/template_spawn_egg",
	"gui_light": "front",
	"overrides": [
    { "predicate": { "custom_model_data": 1014001 }, "model": "crc:furniture/chairs/oak_highback" },
    { "predicate": { "custom_model_data": 1014002 }, "model": "crc:furniture/chairs/birch_highback" },
    { "predicate": { "custom_model_data": 1014003 }, "model": "crc:furniture/chairs/spruce_highback" },
    { "predicate": { "custom_model_data": 1014004 }, "model": "crc:furniture/chairs/dark_oak_highback" },
    { "predicate": { "custom_model_data": 1014005 }, "model": "crc:furniture/chairs/acacia_highback" },
		{ "predicate": { "custom_model_data": 1014006 }, "model": "crc:furniture/chairs/jungle_highback" },

    { "predicate": { "custom_model_data": 1014007 }, "model": "crc:furniture/chairs/oak_solidback" },
    { "predicate": { "custom_model_data": 1014008 }, "model": "crc:furniture/chairs/birch_solidback" },
    { "predicate": { "custom_model_data": 1014009 }, "model": "crc:furniture/chairs/spruce_solidback" },
    { "predicate": { "custom_model_data": 1014010 }, "model": "crc:furniture/chairs/dark_oak_solidback" },
    { "predicate": { "custom_model_data": 1014011 }, "model": "crc:furniture/chairs/acacia_solidback" },
    { "predicate": { "custom_model_data": 1014012 }, "model": "crc:furniture/chairs/jungle_solidback" },
    { "predicate": { "custom_model_data": 1014013 }, "model": "crc:furniture/chairs/iron_solidback" },
    { "predicate": { "custom_model_data": 1014014 }, "model": "crc:item/iron_ring" },

    { "predicate": { "custom_model_data": 1014015 }, "model": "crc:furniture/stools/oak" },
    { "predicate": { "custom_model_data": 1014016 }, "model": "crc:furniture/stools/birch" },
    { "predicate": { "custom_model_data": 1014017 }, "model": "crc:furniture/stools/spruce" },
    { "predicate": { "custom_model_data": 1014018 }, "model": "crc:furniture/stools/dark_oak" },
    { "predicate": { "custom_model_data": 1014019 }, "model": "crc:furniture/stools/acacia" },
    { "predicate": { "custom_model_data": 1014020 }, "model": "crc:furniture/stools/jungle" },
    { "predicate": { "custom_model_data": 1014021 }, "model": "crc:furniture/stools/oak_hune" },
    { "predicate": { "custom_model_data": 1014022 }, "model": "crc:furniture/stools/birch_hune" },
    { "predicate": { "custom_model_data": 1014023 }, "model": "crc:furniture/stools/spruce_hune" },
    { "predicate": { "custom_model_data": 1014024 }, "model": "crc:furniture/stools/dark_oak_hune" },
    { "predicate": { "custom_model_data": 1014025 }, "model": "crc:furniture/stools/acacia_hune" },
    { "predicate": { "custom_model_data": 1014026 }, "model": "crc:furniture/stools/jungle_hune" },

    { "predicate": { "custom_model_data": 1014027 }, "model": "crc:furniture/stools/iron" },
    { "predicate": { "custom_model_data": 1014028 }, "model": "crc:furniture/stools/glass" },
    { "predicate": { "custom_model_data": 1014029 }, "model": "crc:furniture/stools/glass" },

    { "predicate": { "custom_model_data": 1014030 }, "model": "crc:furniture/cabnets/oak" },
    { "predicate": { "custom_model_data": 1014031 }, "model": "crc:furniture/cabnets/birch" },
    { "predicate": { "custom_model_data": 1014032 }, "model": "crc:furniture/cabnets/spruce" },
    { "predicate": { "custom_model_data": 1014033 }, "model": "crc:furniture/cabnets/dark_oak" },
    { "predicate": { "custom_model_data": 1014034 }, "model": "crc:furniture/cabnets/acacia" },
    { "predicate": { "custom_model_data": 1014035 }, "model": "crc:furniture/cabnets/jungle" },
    { "predicate": { "custom_model_data": 1014036 }, "model": "crc:furniture/cabnets/iron" },

    { "predicate": { "custom_model_data": 1014037 }, "model": "crc:furniture/tables/oak_table" },
    { "predicate": { "custom_model_data": 1014038 }, "model": "crc:furniture/tables/oak_table_center" },
    { "predicate": { "custom_model_data": 1014039 }, "model": "crc:furniture/tables/oak_table_corner" },
    { "predicate": { "custom_model_data": 1014040 }, "model": "crc:furniture/tables/oak_table_half" },
    { "predicate": { "custom_model_data": 1014041 }, "model": "crc:furniture/tables/birch_table" },
    { "predicate": { "custom_model_data": 1014042 }, "model": "crc:furniture/tables/birch_table_center" },
    { "predicate": { "custom_model_data": 1014043 }, "model": "crc:furniture/tables/birch_table_corner" },
    { "predicate": { "custom_model_data": 1014044 }, "model": "crc:furniture/tables/birch_table_half" },
    { "predicate": { "custom_model_data": 1014045 }, "model": "crc:furniture/tables/spruce_table" },
    { "predicate": { "custom_model_data": 1014046 }, "model": "crc:furniture/tables/spruce_table_center" },
    { "predicate": { "custom_model_data": 1014047 }, "model": "crc:furniture/tables/spruce_table_corner" },
    { "predicate": { "custom_model_data": 1014048 }, "model": "crc:furniture/tables/spruce_table_half" },
    { "predicate": { "custom_model_data": 1014049 }, "model": "crc:furniture/tables/dark_oak_table" },
    { "predicate": { "custom_model_data": 1014050 }, "model": "crc:furniture/tables/dark_oak_table_center" },
    { "predicate": { "custom_model_data": 1014051 }, "model": "crc:furniture/tables/dark_oak_table_corner" },
    { "predicate": { "custom_model_data": 1014052 }, "model": "crc:furniture/tables/dark_oak_table_half" },
    { "predicate": { "custom_model_data": 1014053 }, "model": "crc:furniture/tables/acacia_table" },
    { "predicate": { "custom_model_data": 1014054 }, "model": "crc:furniture/tables/acacia_table_center" },
    { "predicate": { "custom_model_data": 1014055 }, "model": "crc:furniture/tables/acacia_table_corner" },
    { "predicate": { "custom_model_data": 1014056 }, "model": "crc:furniture/tables/acacia_table_half" },
    { "predicate": { "custom_model_data": 1014057 }, "model": "crc:furniture/tables/jungle_table" },
    { "predicate": { "custom_model_data": 1014058 }, "model": "crc:furniture/tables/jungle_table_center" },
    { "predicate": { "custom_model_data": 1014059 }, "model": "crc:furniture/tables/jungle_table_corner" },
    { "predicate": { "custom_model_data": 1014060 }, "model": "crc:furniture/tables/jungle_table_half" },

    { "predicate": { "custom_model_data": 1014061 }, "model": "crc:furniture/tables/oak_table2" },
    { "predicate": { "custom_model_data": 1014062 }, "model": "crc:furniture/tables/oak_table2_center" },
    { "predicate": { "custom_model_data": 1014063 }, "model": "crc:furniture/tables/oak_table2_l" },
    { "predicate": { "custom_model_data": 1014064 }, "model": "crc:furniture/tables/oak_table2_r" },
    { "predicate": { "custom_model_data": 1014065 }, "model": "crc:furniture/tables/birch_table2" },
    { "predicate": { "custom_model_data": 1014066 }, "model": "crc:furniture/tables/birch_table2_center" },
    { "predicate": { "custom_model_data": 1014067 }, "model": "crc:furniture/tables/birch_table2_l" },
    { "predicate": { "custom_model_data": 1014068 }, "model": "crc:furniture/tables/birch_table2_r" },
    { "predicate": { "custom_model_data": 1014069 }, "model": "crc:furniture/tables/spruce_table2" },
    { "predicate": { "custom_model_data": 1014070 }, "model": "crc:furniture/tables/spruce_table2_center" },
    { "predicate": { "custom_model_data": 1014071 }, "model": "crc:furniture/tables/spruce_table2_l" },
    { "predicate": { "custom_model_data": 1014072 }, "model": "crc:furniture/tables/spruce_table2_r" },
    { "predicate": { "custom_model_data": 1014073 }, "model": "crc:furniture/tables/dark_oak_table2" },
    { "predicate": { "custom_model_data": 1014074 }, "model": "crc:furniture/tables/dark_oak_table2_center" },
    { "predicate": { "custom_model_data": 1014075 }, "model": "crc:furniture/tables/dark_oak_table2_l" },
    { "predicate": { "custom_model_data": 1014076 }, "model": "crc:furniture/tables/dark_oak_table2_r" },
    { "predicate": { "custom_model_data": 1014077 }, "model": "crc:furniture/tables/acacia_table2" },
    { "predicate": { "custom_model_data": 1014078 }, "model": "crc:furniture/tables/acacia_table2_center" },
    { "predicate": { "custom_model_data": 1014079 }, "model": "crc:furniture/tables/acacia_table2_l" },
    { "predicate": { "custom_model_data": 1014080 }, "model": "crc:furniture/tables/acacia_table2_r" },
    { "predicate": { "custom_model_data": 1014081 }, "model": "crc:furniture/tables/jungle_table2" },
    { "predicate": { "custom_model_data": 1014082 }, "model": "crc:furniture/tables/jungle_table2_center" },
    { "predicate": { "custom_model_data": 1014083 }, "model": "crc:furniture/tables/jungle_table2_l" },
    { "predicate": { "custom_model_data": 1014084 }, "model": "crc:furniture/tables/jungle_table2_r" },

    { "predicate": { "custom_model_data": 1014085 }, "model": "crc:furniture/tables/glass_table" },
    { "predicate": { "custom_model_data": 1014086 }, "model": "crc:furniture/tables/glass_side_table" },

    { "predicate": { "custom_model_data": 1014087 }, "model": "crc:furniture/lamps/oak" },
    { "predicate": { "custom_model_data": 1014088 }, "model": "crc:furniture/lamps/birch" },
    { "predicate": { "custom_model_data": 1014089 }, "model": "crc:furniture/lamps/spruce" },
    { "predicate": { "custom_model_data": 1014090 }, "model": "crc:furniture/lamps/dark_oak" },
    { "predicate": { "custom_model_data": 1014091 }, "model": "crc:furniture/lamps/acacia" },
    { "predicate": { "custom_model_data": 1014092 }, "model": "crc:furniture/lamps/jungle" },
    { "predicate": { "custom_model_data": 1014093 }, "model": "crc:furniture/lamps/iron" },
    { "predicate": { "custom_model_data": 1014094 }, "model": "crc:furniture/lamps/oak_sea" },
    { "predicate": { "custom_model_data": 1014095 }, "model": "crc:furniture/lamps/birch_sea" },
    { "predicate": { "custom_model_data": 1014096 }, "model": "crc:furniture/lamps/spruce_sea" },
    { "predicate": { "custom_model_data": 1014097 }, "model": "crc:furniture/lamps/dark_oak_sea" },
    { "predicate": { "custom_model_data": 1014098 }, "model": "crc:furniture/lamps/acacia_sea" },

        { "predicate": { "custom_model_data": 1014099 }, "model": "crc:item/oak_sofa" },
        { "predicate": { "custom_model_data": 1014100 }, "model": "crc:item/birch_sofa" },
        { "predicate": { "custom_model_data": 1014101 }, "model": "crc:item/spruce_sofa" },
        { "predicate": { "custom_model_data": 1014102 }, "model": "crc:item/dark_oak_sofa" },
        { "predicate": { "custom_model_data": 1014103 }, "model": "crc:item/acacia_sofa" },
        { "predicate": { "custom_model_data": 1014104 }, "model": "crc:item/jungle_sofa" },
        { "predicate": { "custom_model_data": 1014105 }, "model": "crc:item/oak_ottoman" },
        { "predicate": { "custom_model_data": 1014106 }, "model": "crc:item/birch_ottoman" },
        { "predicate": { "custom_model_data": 1014107 }, "model": "crc:item/spruce_ottoman" },
        { "predicate": { "custom_model_data": 1014108 }, "model": "crc:item/dark_oak_ottoman" },
        { "predicate": { "custom_model_data": 1014109 }, "model": "crc:item/acacia_ottoman" },
        { "predicate": { "custom_model_data": 1014110 }, "model": "crc:item/jungle_ottoman" },
		
		
        { "predicate": { "custom_model_data": 1014111 }, "model": "crc:block/workbench" }
	]
}
